Title,URL
Der Preis fürs Überleben,https://www.imdb.com/title/tt0079746/
"Getting to Know the Big, Wide World",https://www.imdb.com/title/tt0079744/
Két történet a félmúltból,https://www.imdb.com/title/tt0079424/
Kreuzberger Liebesnächte,https://www.imdb.com/title/tt0079419/
Die Kinder aus Nr. 67,https://www.imdb.com/title/tt0079405/
I mavri Emmanouella,https://www.imdb.com/title/tt0079104/
The Cuenca Crime,https://www.imdb.com/title/tt0079007/
Les bons débarras,https://www.imdb.com/title/tt0078894/
Harcmodor,https://www.imdb.com/title/tt1724549/
El cara parchada,https://www.imdb.com/title/tt0334983/
Perro callejero,https://www.imdb.com/title/tt0288729/
De meester en de Reus,https://www.imdb.com/title/tt0282731/
Saboot,https://www.imdb.com/title/tt0253618/
La canción de Buenos Aires,https://www.imdb.com/title/tt0200516/
Ciao marziano,https://www.imdb.com/title/tt0128121/
Spetters,https://www.imdb.com/title/tt0081547/
Korpinpolska,https://www.imdb.com/title/tt0081012/
Shen bu you ji,https://www.imdb.com/title/tt0080971/
Exit... nur keine Panik,https://www.imdb.com/title/tt0080705/
Cha chi nan fei,https://www.imdb.com/title/tt0080512/
Secrétaires très particulières,https://www.imdb.com/title/tt7982798/
Sabi i mechove,https://www.imdb.com/title/tt0355980/
Simone Barbès ou la vertu,https://www.imdb.com/title/tt0203911/
Fernand,https://www.imdb.com/title/tt0203495/
Fuir,https://www.imdb.com/title/tt0166201/
Les turlupins,https://www.imdb.com/title/tt0083239/
Trollsommar,https://www.imdb.com/title/tt0081659/
The Conductor,https://www.imdb.com/title/tt0079090/
Kravta ostava,https://www.imdb.com/title/tt0312882/
Primel macht ihr Haus verrückt,https://www.imdb.com/title/tt0082942/
Memorias de Leticia Valle,https://www.imdb.com/title/tt0079544/
Outrage,https://www.imdb.com/title/tt0078805/
Murim ogeol,https://www.imdb.com/title/tt0336882/
Der grüne Vogel,https://www.imdb.com/title/tt0080823/
Maria - Nur die Nacht war ihr Zeuge,https://www.imdb.com/title/tt0245262/
S.H.E: Security Hazards Expert,https://www.imdb.com/title/tt0081447/
Sonntagskinder,https://www.imdb.com/title/tt0079934/
Miss X,https://www.imdb.com/title/tt0188905/
Wysokie loty,https://www.imdb.com/title/tt0081776/
Petrijin venac,https://www.imdb.com/title/tt0081331/
Guai zhao ruan pi she,https://www.imdb.com/title/tt0081097/
F.E.N.,https://www.imdb.com/title/tt0079130/
Agni Samskaram,https://www.imdb.com/title/tt0245690/
Sensi caldi,https://www.imdb.com/title/tt0189989/
Il viziaccio,https://www.imdb.com/title/tt0182520/
La playa del amor,https://www.imdb.com/title/tt0081343/
Élve vagy halva,https://www.imdb.com/title/tt0080187/
Khwab,https://www.imdb.com/title/tt0268407/
Les Borsalini,https://www.imdb.com/title/tt0228080/
L'oeil du maître,https://www.imdb.com/title/tt0206181/
Dani od snova,https://www.imdb.com/title/tt0204241/
Germany Pale Mother,https://www.imdb.com/title/tt0080616/
Momo hiraki,https://www.imdb.com/title/tt9783728/
Ijô na bôkô,https://www.imdb.com/title/tt9783720/
Nozoiteyo,https://www.imdb.com/title/tt9783702/
Tajna Nikole Tesle,https://www.imdb.com/title/tt0079985/
Os Trombadinhas,https://www.imdb.com/title/tt0186637/
Document porno: Seifuku to panty,https://www.imdb.com/title/tt9783696/
Kirameki no kisetsu,https://www.imdb.com/title/tt7705514/
Haitoku fujin no yokujô,https://www.imdb.com/title/tt2345938/
Geudae geusaram,https://www.imdb.com/title/tt0384128/
Ijeoya hal geu salam,https://www.imdb.com/title/tt0332137/
Bôkô gishiki,https://www.imdb.com/title/tt0216591/
Xia ying Liu Xiang,https://www.imdb.com/title/tt0165763/
Feng kuang da lao qian,https://www.imdb.com/title/tt0165286/
Café Express,https://www.imdb.com/title/tt0080488/
Hum Dono,https://www.imdb.com/title/tt6710630/
Harasat,https://www.imdb.com/title/tt1343930/
Mo deng tu lao,https://www.imdb.com/title/tt0923794/
Kashish,https://www.imdb.com/title/tt0279170/
Seitensprung,https://www.imdb.com/title/tt0217790/
Agency,https://www.imdb.com/title/tt0081989/
Saturn 3,https://www.imdb.com/title/tt0079285/
Trinath Mela,https://www.imdb.com/title/tt1407306/
Pete Makunat,https://www.imdb.com/title/tt1207738/
Superhand,https://www.imdb.com/title/tt0759724/
Tres de presidio,https://www.imdb.com/title/tt0338508/
Aguila,https://www.imdb.com/title/tt0317062/
Bhakta Siriyala,https://www.imdb.com/title/tt0233330/
Merry-Go-Round,https://www.imdb.com/title/tt0085934/
The Pumaman,https://www.imdb.com/title/tt0081693/
Rising Damp,https://www.imdb.com/title/tt0081431/
A Leap in the Dark,https://www.imdb.com/title/tt0079845/
Koportos,https://www.imdb.com/title/tt0079412/
Tout dépend des filles...,https://www.imdb.com/title/tt0295664/
Ma chérie,https://www.imdb.com/title/tt0202996/
Arrivano i gatti,https://www.imdb.com/title/tt0154163/
Sei o hikisaku,https://www.imdb.com/title/tt7352448/
Usigin... sino?,https://www.imdb.com/title/tt0499590/
Fabel,https://www.imdb.com/title/tt0215758/
Premika,https://www.imdb.com/title/tt2617778/
Marmalade Revolution,https://www.imdb.com/title/tt0081130/
Moscow Does Not Believe in Tears,https://www.imdb.com/title/tt0079579/
"Mamá, levántate y anda",https://www.imdb.com/title/tt0079518/
Cinco tenedores,https://www.imdb.com/title/tt0078973/
Lítil þúfa,https://www.imdb.com/title/tt2069045/
Natsheon goseseo haleutbeom,https://www.imdb.com/title/tt0311569/
Henry Angst,https://www.imdb.com/title/tt0198536/
Shi di chu ma,https://www.imdb.com/title/tt0081499/
Bye Bye Brazil,https://www.imdb.com/title/tt0080482/
Gwiazdy poranne,https://www.imdb.com/title/tt1080677/
Darna at Ding,https://www.imdb.com/title/tt0188546/
La terrazza,https://www.imdb.com/title/tt0081616/
Prins hatt under jorden,https://www.imdb.com/title/tt0081373/
Midnight Madness,https://www.imdb.com/title/tt0081159/
The Last Married Couple in America,https://www.imdb.com/title/tt0081032/
Hero at Large,https://www.imdb.com/title/tt0080863/
Two and Two Make Five,https://www.imdb.com/title/tt0080638/
Cruising,https://www.imdb.com/title/tt0080569/
Verden er fuld af børn,https://www.imdb.com/title/tt0080089/
Wolf Lake,https://www.imdb.com/title/tt0078508/
Disco xing kuang re,https://www.imdb.com/title/tt1760387/
Duel of Death,https://www.imdb.com/title/tt12423122/
Cordélia,https://www.imdb.com/title/tt0085365/
Inferno,https://www.imdb.com/title/tt0080923/
Vasárnapi szülök,https://www.imdb.com/title/tt0080082/
Cannibal Holocaust,https://www.imdb.com/title/tt0078935/
Décharge tout,https://www.imdb.com/title/tt12396178/
Rodriguez au pays des merguez,https://www.imdb.com/title/tt0226389/
On a volé la cuisse de Jupiter,https://www.imdb.com/title/tt0081276/
Cocktail Molotov,https://www.imdb.com/title/tt0080552/
Anna Makossa,https://www.imdb.com/title/tt0080372/
Atsuku hiraite,https://www.imdb.com/title/tt9783676/
Pochti lyubovna istoriya,https://www.imdb.com/title/tt0177116/
La verdad sobre el caso Savolta,https://www.imdb.com/title/tt0079617/
Yobai dai-hyakka: Sakura-gai dorobô,https://www.imdb.com/title/tt7293916/
Gad Jejuri Jejuri,https://www.imdb.com/title/tt3689316/
Rape hunter: Nerawareta onna,https://www.imdb.com/title/tt0288188/
Shôwa erotica: Bara no kifujin,https://www.imdb.com/title/tt0287699/
Speed Cross,https://www.imdb.com/title/tt0124302/
Sankarabharanam,https://www.imdb.com/title/tt0079889/
Joshû ijô seiai,https://www.imdb.com/title/tt9783658/
Jian qi man tian Hua Man Lou,https://www.imdb.com/title/tt2238809/
Biza izintombi,https://www.imdb.com/title/tt1692979/
Batasi,https://www.imdb.com/title/tt1545584/
Shesh Bichar,https://www.imdb.com/title/tt1523545/
Pankhiraj,https://www.imdb.com/title/tt1523526/
Problem Child,https://www.imdb.com/title/tt0757924/
The Legend of Alfred Packer,https://www.imdb.com/title/tt0251182/
"Good Morning, Sunshine",https://www.imdb.com/title/tt0188644/
Osam kila srece,https://www.imdb.com/title/tt0170340/
Cas pracuje pro vraha,https://www.imdb.com/title/tt0138351/
Fatso,https://www.imdb.com/title/tt0080724/
American Gigolo,https://www.imdb.com/title/tt0080365/
Il ladrone,https://www.imdb.com/title/tt0078926/
Animalympics,https://www.imdb.com/title/tt0078780/
Kinbaku ikenie,https://www.imdb.com/title/tt9783034/
Yogoreta kankei: Jôfu,https://www.imdb.com/title/tt9777544/
Uraban joshi gakusei: Bôryoku kyôshitsu,https://www.imdb.com/title/tt9777536/
Gômon onna ankokushi,https://www.imdb.com/title/tt9777532/
The Problem of Patty Melt,https://www.imdb.com/title/tt9492214/
Garsonyer,https://www.imdb.com/title/tt7571960/
Karanlik Sokaklar,https://www.imdb.com/title/tt7566128/
Chikan tsûgaku densha,https://www.imdb.com/title/tt7482092/
Joe Cocker: Cry Me a River - Live in Berlin,https://www.imdb.com/title/tt2981528/
Nure-nure shimai,https://www.imdb.com/title/tt2353720/
Kairaku ningyô,https://www.imdb.com/title/tt2338346/
Tian tang meng,https://www.imdb.com/title/tt2153468/
Priklyucheniya malenkogo papy,https://www.imdb.com/title/tt2040475/
A schaste ryadom,https://www.imdb.com/title/tt1636723/
'Eto na naman si Asiong Aksaya!,https://www.imdb.com/title/tt1172150/
Skandal,https://www.imdb.com/title/tt10848096/
SamsaraBandam,https://www.imdb.com/title/tt0779761/
Death on Credit,https://www.imdb.com/title/tt0310990/
Kotorski mornari,https://www.imdb.com/title/tt0181635/
Hardly Working,https://www.imdb.com/title/tt0082501/
Journeys from Berlin/1971,https://www.imdb.com/title/tt0080969/
Amigo,https://www.imdb.com/title/tt0080753/
The Fog,https://www.imdb.com/title/tt0080749/
Doslo doba da se ljubav proba,https://www.imdb.com/title/tt0080652/
Cuba Crossing,https://www.imdb.com/title/tt0080580/
Cardiac Arrest,https://www.imdb.com/title/tt0080497/
Liu he ba fa,https://www.imdb.com/title/tt0076321/
Comme une femme,https://www.imdb.com/title/tt0236110/
Retour en force,https://www.imdb.com/title/tt0228780/
To All a Goodnight,https://www.imdb.com/title/tt0086449/
Sparsh,https://www.imdb.com/title/tt0079938/
Intô mesuneko,https://www.imdb.com/title/tt9783592/
Limbas at labuyo,https://www.imdb.com/title/tt2268501/
Poseban tretman,https://www.imdb.com/title/tt0081546/
Opasnye druzya,https://www.imdb.com/title/tt0314464/
Tvingad att leva,https://www.imdb.com/title/tt0081667/
Blomstrande tider,https://www.imdb.com/title/tt0080445/
Un millón por tu historia,https://www.imdb.com/title/tt0079556/
Droga daleka przed nami...,https://www.imdb.com/title/tt0079084/
Falsche Bilder,https://www.imdb.com/title/tt1032175/
El consenso,https://www.imdb.com/title/tt0078994/
Tobe ikarosu no tsubasa,https://www.imdb.com/title/tt1584825/
Le château de cartes,https://www.imdb.com/title/tt0137429/
Tempyo no iraka,https://www.imdb.com/title/tt0074994/
The Devils of Karate,https://www.imdb.com/title/tt9714706/
Totoy balasa,https://www.imdb.com/title/tt2266883/
25 Taong takas,https://www.imdb.com/title/tt2081378/
Beach House,https://www.imdb.com/title/tt0499621/
Sufferloh - Von heiliger Lieb und Trutz,https://www.imdb.com/title/tt0429134/
Kali Ghata,https://www.imdb.com/title/tt0357826/
Khubsoorat,https://www.imdb.com/title/tt0244585/
Land og synir,https://www.imdb.com/title/tt0203639/
Nakaw na pag-ibig,https://www.imdb.com/title/tt0125427/
Night of the Juggler,https://www.imdb.com/title/tt0081230/
Ai yuan Chi Qian Lou,https://www.imdb.com/title/tt2320208/
El secreto,https://www.imdb.com/title/tt0341567/
El secuestro de los cien millones,https://www.imdb.com/title/tt0314633/
Chu cu chuo tou fa cu cai,https://www.imdb.com/title/tt0198370/
Hogyan felejtsük el életünk legnagyobb szerelmét...?,https://www.imdb.com/title/tt0079298/
L'amour mensonge,https://www.imdb.com/title/tt2388695/
Nani Maa,https://www.imdb.com/title/tt2186546/
Les Brouteuses infernales,https://www.imdb.com/title/tt12395460/
Shi ba,https://www.imdb.com/title/tt0081498/
Death Watch,https://www.imdb.com/title/tt0081182/
Caboblanco,https://www.imdb.com/title/tt0080485/
"It's Not Me, It's Him",https://www.imdb.com/title/tt0078923/
Chikan shûdan,https://www.imdb.com/title/tt9783566/
Hitozuma gôkan,https://www.imdb.com/title/tt9783532/
Nozoki rankô,https://www.imdb.com/title/tt9783434/
Hentai fûfu,https://www.imdb.com/title/tt9783392/
Porno shocker: Onna henshitsusha,https://www.imdb.com/title/tt9783378/
La amante ingenua,https://www.imdb.com/title/tt1667683/
Yumrutzi v prastta,https://www.imdb.com/title/tt0356209/
The Stake and the Flame,https://www.imdb.com/title/tt0152241/
Wakazuma: Intô kurui,https://www.imdb.com/title/tt7975540/
Jokôsei: Kikenna Mebae,https://www.imdb.com/title/tt3426572/
Një gjeneral kapet rob,https://www.imdb.com/title/tt0353804/
Momoneun cheolbuji,https://www.imdb.com/title/tt0311537/
Nun Story: Frustration in Black,https://www.imdb.com/title/tt0287701/
Shaolin Hellgate,https://www.imdb.com/title/tt0080621/
Un sacco bello,https://www.imdb.com/title/tt0079839/
Kodengo Penal: The Valderama Case,https://www.imdb.com/title/tt2266773/
Olangthagee Wangmadasoo,https://www.imdb.com/title/tt1573878/
Pompa,https://www.imdb.com/title/tt0499546/
Zalim,https://www.imdb.com/title/tt0360228/
Za spichkami,https://www.imdb.com/title/tt0081796/
Windows,https://www.imdb.com/title/tt0081759/
Pozorisna veza,https://www.imdb.com/title/tt0081367/
Just Tell Me What You Want,https://www.imdb.com/title/tt0080975/
Solo Sunny,https://www.imdb.com/title/tt0079924/
Secrets of a French Maid,https://www.imdb.com/title/tt0079624/
El curso en que amamos a Kim Novak,https://www.imdb.com/title/tt0079017/
La noche del Ku-Klux-Klan,https://www.imdb.com/title/tt0341502/
La noche viene movida,https://www.imdb.com/title/tt0203743/
Abisa a los compañeros,https://www.imdb.com/title/tt0185139/
Prestop,https://www.imdb.com/title/tt0180932/
Kong shou ru bai ren,https://www.imdb.com/title/tt0081010/
She xing zui bu,https://www.imdb.com/title/tt0079897/
Colargol i cudowna walizka,https://www.imdb.com/title/tt0078983/
Très insuffisant,https://www.imdb.com/title/tt1832508/
Prune des bois,https://www.imdb.com/title/tt0258053/
Le soleil en face,https://www.imdb.com/title/tt0207744/
Les jeunes Québécoises,https://www.imdb.com/title/tt0151130/
Tous vedettes!,https://www.imdb.com/title/tt0080041/
Dôran,https://www.imdb.com/title/tt0312647/
Das gefrorene Herz,https://www.imdb.com/title/tt0079198/
Sarvasakshi,https://www.imdb.com/title/tt0311752/
Poloska neskoshennych dikikh tsvetov,https://www.imdb.com/title/tt0171640/
Wo ge wo qi,https://www.imdb.com/title/tt1829058/
Samchongsa: Taimmeosin 001,https://www.imdb.com/title/tt1773063/
Maeum yakaeseo,https://www.imdb.com/title/tt10526370/
Klondike Fever,https://www.imdb.com/title/tt0081004/
Danchizuma no kezori,https://www.imdb.com/title/tt9783186/
Tres manos,https://www.imdb.com/title/tt2266885/
Drigo asero,https://www.imdb.com/title/tt2266713/
Love Affair,https://www.imdb.com/title/tt0499517/
Dhan Daulat,https://www.imdb.com/title/tt0379246/
Bandish,https://www.imdb.com/title/tt0239249/
Do Premee,https://www.imdb.com/title/tt0231475/
The Godsend,https://www.imdb.com/title/tt0080802/
Jiu ge yu gui ji,https://www.imdb.com/title/tt7431064/
Dalryeora Man-seoka,https://www.imdb.com/title/tt0325219/
La ragazza del vagone letto,https://www.imdb.com/title/tt0124899/
Confidence,https://www.imdb.com/title/tt0078868/
Night of the Puppets,https://www.imdb.com/title/tt0293455/
Mamito,https://www.imdb.com/title/tt0280910/
Alors heureux?,https://www.imdb.com/title/tt0275909/
C'est encore loin l'Amérique?,https://www.imdb.com/title/tt0249422/
Le chemin perdu,https://www.imdb.com/title/tt0131338/
La légion saute sur Kolwezi,https://www.imdb.com/title/tt0079497/
Haine,https://www.imdb.com/title/tt0079260/
Toruko gômon: Shiboru,https://www.imdb.com/title/tt9783150/
Alyas tiagong lundag,https://www.imdb.com/title/tt2268357/
Neem Annapurna,https://www.imdb.com/title/tt0079616/
La femme flic,https://www.imdb.com/title/tt0079145/
Igra na lyubov,https://www.imdb.com/title/tt0252532/
Wsciekly,https://www.imdb.com/title/tt0081773/
Enjeru gêmu,https://www.imdb.com/title/tt1893230/
The Return of Casanova,https://www.imdb.com/title/tt0190714/
Begurebis gadaprena,https://www.imdb.com/title/tt0188137/
...And the Band Played On,https://www.imdb.com/title/tt0081504/
Setsuko no kokuhaku: Watashi o daite!,https://www.imdb.com/title/tt9783126/
Uno Koichiro no nurete modaeru,https://www.imdb.com/title/tt0288287/
Akai bôkô,https://www.imdb.com/title/tt0287301/
Tsirkachonok,https://www.imdb.com/title/tt0128796/
Pangkat Do or Die,https://www.imdb.com/title/tt0499654/
4 na Maria,https://www.imdb.com/title/tt0472284/
Le voyage en douce,https://www.imdb.com/title/tt0081729/
Temporale Rosy,https://www.imdb.com/title/tt0080001/
Action,https://www.imdb.com/title/tt0078732/
El apenitas,https://www.imdb.com/title/tt0283888/
A fuego lento,https://www.imdb.com/title/tt0209868/
Avoir 16 ans,https://www.imdb.com/title/tt0179097/
"Postav dom, zasad strom",https://www.imdb.com/title/tt0171648/
Mantis Fist Fighter,https://www.imdb.com/title/tt0087145/
Skelms,https://www.imdb.com/title/tt2040509/
Heaven's Heroes,https://www.imdb.com/title/tt1056469/
Bash maystorat na ekskurziya,https://www.imdb.com/title/tt0355247/
Les petites garces,https://www.imdb.com/title/tt0178605/
Zapowiedz ciszy,https://www.imdb.com/title/tt0078519/
Onna no shinsatsu: Shita to kuchibiru,https://www.imdb.com/title/tt9783076/
Aufregung um Jesus,https://www.imdb.com/title/tt9519216/
Suraj Bhi Tamashai,https://www.imdb.com/title/tt7830890/
Maatraan Thotathu Malligai,https://www.imdb.com/title/tt5723226/
Pawan Basanti,https://www.imdb.com/title/tt5321634/
Zameen Aur Aasman,https://www.imdb.com/title/tt4792094/
Dao Pe Dao,https://www.imdb.com/title/tt4792090/
Kahan Ho Tum Bagira,https://www.imdb.com/title/tt4791324/
Ammu Ki Bakari,https://www.imdb.com/title/tt4791312/
Dadon Ka Dada,https://www.imdb.com/title/tt4675826/
Bhagat Narsinh Mehta,https://www.imdb.com/title/tt4657774/
Choran Nu Mor,https://www.imdb.com/title/tt4630952/
Kesuda No Rang,https://www.imdb.com/title/tt4614462/
Gangapur Ni Ganga,https://www.imdb.com/title/tt4614434/
Diyar Bhojai,https://www.imdb.com/title/tt4604852/
Akhand Chudlo,https://www.imdb.com/title/tt4604748/
Sau Dahada Sasuna To Ek Dahado Vahuno,https://www.imdb.com/title/tt4599370/
Fa ting nei wai,https://www.imdb.com/title/tt4054788/
Karmveer,https://www.imdb.com/title/tt3628856/
Kuhasa,https://www.imdb.com/title/tt3628850/
Bhedia Ka Bhoot,https://www.imdb.com/title/tt3544316/
Jise Tu Kabool Kar Le,https://www.imdb.com/title/tt3509534/
Sunehari Yaaden,https://www.imdb.com/title/tt3509400/
Daisy,https://www.imdb.com/title/tt3499070/
Ayna Tukhabi'un al-Shams?,https://www.imdb.com/title/tt3382346/
Sayyed Waris Shah,https://www.imdb.com/title/tt3136106/
Miss Toofan Mail,https://www.imdb.com/title/tt3074800/
Main Intaqaam Loonga,https://www.imdb.com/title/tt3017186/
Paschatap,https://www.imdb.com/title/tt2935806/
Naago Ka Raja,https://www.imdb.com/title/tt2909038/
Toote Dil,https://www.imdb.com/title/tt2897300/
Bharat Ki Santan,https://www.imdb.com/title/tt2791242/
Chetna Do Rah Par,https://www.imdb.com/title/tt2791216/
Samadhan,https://www.imdb.com/title/tt2790274/
Tu Meri Main Tera,https://www.imdb.com/title/tt2790204/
Sister,https://www.imdb.com/title/tt2785008/
Agent 009,https://www.imdb.com/title/tt2784646/
Ramu To Diwana Hai,https://www.imdb.com/title/tt2784468/
Labbaik,https://www.imdb.com/title/tt2734964/
Geetha Oru Shenbagappoo,https://www.imdb.com/title/tt2725210/
Bombay Mail 109,https://www.imdb.com/title/tt2720338/
Dilwale Dulhaniya Le Jayenge,https://www.imdb.com/title/tt2714436/
Aayi Tere Yaad,https://www.imdb.com/title/tt2708040/
Room No. 203,https://www.imdb.com/title/tt2679354/
Dam Maro Dam,https://www.imdb.com/title/tt2677034/
Banmanush,https://www.imdb.com/title/tt2652130/
Main Aur Meri Tanhai,https://www.imdb.com/title/tt2624376/
Fatakadi,https://www.imdb.com/title/tt10227176/
Kadhal Kadhal Kadhal,https://www.imdb.com/title/tt10189396/
Paruvathin Vasalile,https://www.imdb.com/title/tt10189136/
Panam Pen Paasam,https://www.imdb.com/title/tt10183584/
Naan Sootiya Malar,https://www.imdb.com/title/tt10148002/
PHOOL AUR PATHOR,https://www.imdb.com/title/tt10137318/
Badla Aur Balidan,https://www.imdb.com/title/tt0428254/
Tainui bang,https://www.imdb.com/title/tt0380739/
Ganga Dham,https://www.imdb.com/title/tt0376608/
Ponnagaram,https://www.imdb.com/title/tt0288178/
Desh Drohee,https://www.imdb.com/title/tt0239336/
Housata,https://www.imdb.com/title/tt0174753/
Krehké vztahy,https://www.imdb.com/title/tt0123947/
Long xing mo qiao,https://www.imdb.com/title/tt0081428/
Fists of the White Lotus,https://www.imdb.com/title/tt0080905/
